"0","trih <- fread(""trih.txt"")"
"0","rnames <- trih[,1]"
"0","trih <- trih[,2:430]"
"0",""
"0","e <- strsplit(names(trih),""."")"
"0","e <-data.frame(t(data.frame(strsplit(names(trih),""-""))))"
"0",""
"0","e$X1 <- as.factor(e$X1)"
"0","nlevels(e$X1)"
"1","[1]"
"1"," 170"
"1","
"
"0","groupe = as.vector(summary(e[,1],175))"
"0",""
"0",""
"0","trih <- data.frame(trih)"
"0","trih <-trih[,sort(names(trih))]"
"0",""
"0","for (i in 1:dim(trih)[2]) trih[,i] <- as.factor(trih[,i])"
"0","summary(trih)"
"1",""
"1"," E100.H1"
"1"," E100.H2"
"1","    E100.H3 "
"1"," E101.H1"
"1"," E101.H2"
"1","    E101.H3 "
"1"," E102.H1"
"1"," E102.H2"
"1","    E102.H3 "
"1","
"
"1"," 1:8    "
"1"," 1:4    "
"1"," 1      :2  "
"1"," 1:8    "
"1"," 1:4    "
"1"," 1      :2  "
"1"," 1:8    "
"1"," 1:4    "
"1"," 1      :2  "
"1","
"
"1"," 2:8    "
"1"," 2:4    "
"1"," 2      :2  "
"1"," 2:8    "
"1"," 2:4    "
"1"," 2      :2  "
"1"," 2:8    "
"1"," 2:4    "
"1"," 2      :2  "
"1","
"
"1",""
"1"," E103.H1"
"1","    E103.H2 "
"1"," E104.H1"
"1"," E104.H2"
"1"," E104.H3"
"1"," E105.H1"
"1"," E105.H2"
"1","    E105.H3 "
"1"," E106.H1"
"1","
"
"1"," 1:8    "
"1"," 1      :2  "
"1"," 1:8    "
"1"," 1:4    "
"1"," 1:2    "
"1"," 1:8    "
"1"," 1:4    "
"1"," 1      :2  "
"1"," 1:8    "
"1","
"
"1"," 2:8    "
"1"," 2      :2  "
"1"," 2:8    "
"1"," 2:4    "
"1"," 2:2    "
"1"," 2:8    "
"1"," 2:4    "
"1"," 2      :2  "
"1"," 2:8    "
"1","
"
"1",""
"1","    E106.H2 "
"1"," E107.H1"
"1"," E107.H2"
"1","    E107.H3 "
"1"," E108.H1"
"1"," E108.H2"
"1","    E108.H3 "
"1"," E109.H1"
"1"," E109.H2"
"1","
"
"1"," 1      :2  "
"1"," 1:8    "
"1"," 1:4    "
"1"," 1      :2  "
"1"," 1:8    "
"1"," 1:4    "
"1"," 1      :2  "
"1"," 1:8    "
"1"," 1:4    "
"1","
"
"1"," 2      :2  "
"1"," 2:8    "
"1"," 2:4    "
"1"," 2      :2  "
"1"," 2:8    "
"1"," 2:4    "
"1"," 2      :2  "
"1"," 2:8    "
"1"," 2:4    "
"1","
"
"1",""
"1","    E109.H3 "
"1"," E110.H1"
"1"," E110.H2"
"1","    E110.H3 "
"1"," E111.H1"
"1","    E111.H2 "
"1"," E112.H1"
"1"," E112.H2"
"1","
"
"1"," 1      :2  "
"1"," 1:8    "
"1"," 1:4    "
"1"," 1      :2  "
"1"," 1: 2   "
"1"," 1      :2  "
"1"," 1:8    "
"1"," 1:4    "
"1","
"
"1"," 2      :2  "
"1"," 2:8    "
"1"," 2:4    "
"1"," 2      :2  "
"1"," 2:14   "
"1"," 2      :2  "
"1"," 2:8    "
"1"," 2:4    "
"1","
"
"1",""
"1","    E112.H3 "
"1"," E113.H1"
"1"," E113.H2"
"1","    E113.H3 "
"1"," E114.H1"
"1"," E114.H2"
"1","    E114.H3 "
"1"," E115.H1"
"1"," E115.H2"
"1","
"
"1"," 1      :2  "
"1"," 1:8    "
"1"," 1:4    "
"1"," 1      :2  "
"1"," 1:8    "
"1"," 1:4    "
"1"," 1      :2  "
"1"," 1:8    "
"1"," 1:4    "
"1","
"
"1"," 2      :2  "
"1"," 2:8    "
"1"," 2:4    "
"1"," 2      :2  "
"1"," 2:8    "
"1"," 2:4    "
"1"," 2      :2  "
"1"," 2:8    "
"1"," 2:4    "
"1","
"
"1",""
"1","    E115.H3 "
"1"," E116.H1"
"1"," E116.H2"
"1","    E116.H3 "
"1"," E117.H1"
"1"," E117.H2"
"1"," E118.H1"
"1"," E118.H2"
"1","    E118.H3 "
"1","
"
"1"," 1      :2  "
"1"," 1:8    "
"1"," 1:4    "
"1"," 1      :2  "
"1"," 1: 4   "
"1"," 1:4    "
"1"," 1: 4   "
"1"," 1:2    "
"1"," 1      :2  "
"1","
"
"1"," 2      :2  "
"1"," 2:8    "
"1"," 2:4    "
"1"," 2      :2  "
"1"," 2:12   "
"1"," 2:4    "
"1"," 2:12   "
"1"," 2:2    "
"1"," 2      :2  "
"1","
"
"1",""
"1"," E119.H1"
"1"," E119.H2"
"1","    E119.H3 "
"1"," E121.H1"
"1"," E121.H2"
"1","    E121.H3 "
"1"," E122.H1"
"1"," E122.H2"
"1","    E122.H3 "
"1","
"
"1"," 1:8    "
"1"," 1:4    "
"1"," 1      :2  "
"1"," 1:8    "
"1"," 1:4    "
"1"," 1      :2  "
"1"," 1:8    "
"1"," 1:2    "
"1"," 1      :2  "
"1","
"
"1"," 2:8    "
"1"," 2:4    "
"1"," 2      :2  "
"1"," 2:8    "
"1"," 2:4    "
"1"," 2      :2  "
"1"," 2:8    "
"1"," 2:2    "
"1"," 2      :2  "
"1","
"
"1",""
"1"," E123.H1"
"1"," E123.H2"
"1","    E123.H3 "
"1"," E124.H1"
"1"," E124.H2"
"1","    E124.H3 "
"1"," E125.H1"
"1"," E125.H2"
"1","    E125.H3 "
"1","
"
"1"," 1:8    "
"1"," 1:4    "
"1"," 1      :2  "
"1"," 1:8    "
"1"," 1:4    "
"1"," 1      :2  "
"1"," 1:8    "
"1"," 1:4    "
"1"," 1      :2  "
"1","
"
"1"," 2:8    "
"1"," 2:4    "
"1"," 2      :2  "
"1"," 2:8    "
"1"," 2:4    "
"1"," 2      :2  "
"1"," 2:8    "
"1"," 2:4    "
"1"," 2      :2  "
"1","
"
"1",""
"1"," E126.H1"
"1"," E126.H2"
"1","    E126.H3 "
"1"," E127.H1"
"1"," E127.H2"
"1","    E127.H3 "
"1"," E128.H1"
"1"," E128.H2"
"1","    E128.H3 "
"1","
"
"1"," 1:8    "
"1"," 1:4    "
"1"," 1      :2  "
"1"," 1:8    "
"1"," 1:4    "
"1"," 1      :2  "
"1"," 1:8    "
"1"," 1:4    "
"1"," 1      :2  "
"1","
"
"1"," 2:8    "
"1"," 2:4    "
"1"," 2      :2  "
"1"," 2:8    "
"1"," 2:4    "
"1"," 2      :2  "
"1"," 2:8    "
"1"," 2:4    "
"1"," 2      :2  "
"1","
"
"1",""
"1"," E129.H1"
"1"," E129.H2"
"1","    E129.H3 "
"1"," E130.H1"
"1","    E130.H2 "
"1"," E131.H1"
"1"," E131.H2"
"1"," E132.H1"
"1"," E132.H2"
"1","
"
"1"," 1:8    "
"1"," 1:4    "
"1"," 1      :2  "
"1"," 1:8    "
"1"," 1      :2  "
"1"," 1:8    "
"1"," 1:4    "
"1"," 1:8    "
"1"," 1:4    "
"1","
"
"1"," 2:8    "
"1"," 2:4    "
"1"," 2      :2  "
"1"," 2:8    "
"1"," 2      :2  "
"1"," 2:8    "
"1"," 2:4    "
"1"," 2:8    "
"1"," 2:4    "
"1","
"
"1",""
"1","    E132.H3 "
"1"," E133.H1"
"1"," E133.H2"
"1"," E133.H3"
"1"," E134.H1"
"1"," E134.H2"
"1","    E134.H3 "
"1"," E135.H1"
"1"," E135.H2"
"1","
"
"1"," 1      :2  "
"1"," 1:8    "
"1"," 1:4    "
"1"," 1:4    "
"1"," 1:8    "
"1"," 1:4    "
"1"," 1      :2  "
"1"," 1:8    "
"1"," 1:4    "
"1","
"
"1"," 2      :2  "
"1"," 2:8    "
"1"," 2:4    "
"1"," 2:4    "
"1"," 2:8    "
"1"," 2:4    "
"1"," 2      :2  "
"1"," 2:8    "
"1"," 2:4    "
"1","
"
"1",""
"1","    E135.H3 "
"1"," E136.H1"
"1"," E136.H2"
"1","    E136.H3 "
"1"," E137.H1"
"1"," E137.H2"
"1","    E137.H3 "
"1"," E138.H1"
"1"," E138.H2"
"1","
"
"1"," 1      :2  "
"1"," 1:8    "
"1"," 1:4    "
"1"," 1      :2  "
"1"," 1:8    "
"1"," 1:4    "
"1"," 1      :2  "
"1"," 1:8    "
"1"," 1:4    "
"1","
"
"1"," 2      :2  "
"1"," 2:8    "
"1"," 2:4    "
"1"," 2      :2  "
"1"," 2:8    "
"1"," 2:4    "
"1"," 2      :2  "
"1"," 2:8    "
"1"," 2:4    "
"1","
"
"1",""
"1","    E138.H3 "
"1"," E139.H1"
"1","    E139.H2 "
"1"," E140.H1"
"1"," E140.H2"
"1","    E140.H3 "
"1"," E141.H1"
"1"," E143.H1"
"1"," E143.H2"
"1","
"
"1"," 1      :2  "
"1"," 1:8    "
"1"," 1      :2  "
"1"," 1:8    "
"1"," 1:4    "
"1"," 1      :2  "
"1"," 1:8    "
"1"," 1:8    "
"1"," 1:4    "
"1","
"
"1"," 2      :2  "
"1"," 2:8    "
"1"," 2      :2  "
"1"," 2:8    "
"1"," 2:4    "
"1"," 2      :2  "
"1"," 2:8    "
"1"," 2:8    "
"1"," 2:4    "
"1","
"
"1",""
"1","    E143.H3 "
"1"," E144.H1"
"1"," E144.H2"
"1","    E144.H3 "
"1"," E146.H1"
"1"," E146.H2"
"1","    E146.H3 "
"1"," E147.H1"
"1"," E147.H2"
"1","
"
"1"," 1      :2  "
"1"," 1:8    "
"1"," 1:4    "
"1"," 1      :2  "
"1"," 1:8    "
"1"," 1:4    "
"1"," 1      :2  "
"1"," 1:8    "
"1"," 1:4    "
"1","
"
"1"," 2      :2  "
"1"," 2:8    "
"1"," 2:4    "
"1"," 2      :2  "
"1"," 2:8    "
"1"," 2:4    "
"1"," 2      :2  "
"1"," 2:8    "
"1"," 2:4    "
"1","
"
"1",""
"1","    E147.H3 "
"1"," E148.H1"
"1","    E148.H2 "
"1"," E149.H1"
"1"," E149.H2"
"1","    E149.H3 "
"1"," E150.H1"
"1"," E150.H2"
"1","
"
"1"," 1      :2  "
"1"," 1:8    "
"1"," 1      :2  "
"1"," 1:8    "
"1"," 1:4    "
"1"," 1      :2  "
"1"," 1:8    "
"1"," 1:2    "
"1","
"
"1"," 2      :2  "
"1"," 2:8    "
"1"," 2      :2  "
"1"," 2:8    "
"1"," 2:4    "
"1"," 2      :2  "
"1"," 2:8    "
"1"," 2:2    "
"1","
"
"1",""
"1","    E150.H3 "
"1"," E151.H1"
"1"," E151.H2"
"1","    E151.H3 "
"1"," E152.H1"
"1"," E152.H2"
"1","    E152.H3 "
"1"," E153.H1"
"1","
"
"1"," 1      :2  "
"1"," 1:8    "
"1"," 1:2    "
"1"," 1      :2  "
"1"," 1:8    "
"1"," 1:4    "
"1"," 1      :2  "
"1"," 1:8    "
"1","
"
"1"," 2      :2  "
"1"," 2:8    "
"1"," 2:2    "
"1"," 2      :2  "
"1"," 2:8    "
"1"," 2:4    "
"1"," 2      :2  "
"1"," 2:8    "
"1","
"
"1",""
"1","    E153.H2 "
"1"," E154.H1"
"1","    E154.H2 "
"1"," E155.H1"
"1"," E155.H2"
"1","    E155.H3 "
"1"," E156.H1"
"1"," E156.H2"
"1","
"
"1"," 1      :2  "
"1"," 1:8    "
"1"," 1      :2  "
"1"," 1:8    "
"1"," 1:4    "
"1"," 1      :2  "
"1"," 1:8    "
"1"," 1:4    "
"1","
"
"1"," 2      :2  "
"1"," 2:8    "
"1"," 2      :2  "
"1"," 2:8    "
"1"," 2:4    "
"1"," 2      :2  "
"1"," 2:8    "
"1"," 2:4    "
"1","
"
"1",""
"1","    E156.H3 "
"1"," E157.H1"
"1"," E157.H2"
"1","    E157.H3 "
"1"," E158.H1"
"1","    E158.H2 "
"1"," E159.H1"
"1"," E159.H2"
"1","
"
"1"," 1      :2  "
"1"," 1:8    "
"1"," 1:4    "
"1"," 1      :2  "
"1"," 1:8    "
"1"," 1      :2  "
"1"," 1:8    "
"1"," 1:4    "
"1","
"
"1"," 2      :2  "
"1"," 2:8    "
"1"," 2:4    "
"1"," 2      :2  "
"1"," 2:8    "
"1"," 2      :2  "
"1"," 2:8    "
"1"," 2:4    "
"1","
"
"1",""
"1","    E159.H3 "
"1"," E160.H1"
"1"," E160.H2"
"1","    E160.H3 "
"1"," E161.H1"
"1"," E161.H2"
"1","    E161.H3 "
"1"," E162.H1"
"1"," E162.H2"
"1","
"
"1"," 1      :2  "
"1"," 1:8    "
"1"," 1:4    "
"1"," 1      :2  "
"1"," 1:8    "
"1"," 1:4    "
"1"," 1      :2  "
"1"," 1:8    "
"1"," 1:4    "
"1","
"
"1"," 2      :2  "
"1"," 2:8    "
"1"," 2:4    "
"1"," 2      :2  "
"1"," 2:8    "
"1"," 2:4    "
"1"," 2      :2  "
"1"," 2:8    "
"1"," 2:4    "
"1","
"
"1",""
"1","    E162.H3 "
"1"," E163.H1"
"1"," E163.H2"
"1","    E163.H3 "
"1"," E164.H1"
"1"," E164.H2"
"1","    E164.H3 "
"1"," E165.H1"
"1","
"
"1"," 1      :2  "
"1"," 1:8    "
"1"," 1:4    "
"1"," 1      :2  "
"1"," 1:8    "
"1"," 1:2    "
"1"," 1      :2  "
"1"," 1:8    "
"1","
"
"1"," 2      :2  "
"1"," 2:8    "
"1"," 2:4    "
"1"," 2      :2  "
"1"," 2:8    "
"1"," 2:2    "
"1"," 2      :2  "
"1"," 2:8    "
"1","
"
"1",""
"1","    E165.H2 "
"1"," E166.H1"
"1","    E166.H2 "
"1"," E167.H1"
"1"," E167.H2"
"1","    E167.H3 "
"1"," E168.H1"
"1"," E168.H2"
"1","
"
"1"," 1      :2  "
"1"," 1:8    "
"1"," 1      :2  "
"1"," 1:8    "
"1"," 1:4    "
"1"," 1      :2  "
"1"," 1:8    "
"1"," 1:4    "
"1","
"
"1"," 2      :2  "
"1"," 2:8    "
"1"," 2      :2  "
"1"," 2:8    "
"1"," 2:4    "
"1"," 2      :2  "
"1"," 2:8    "
"1"," 2:4    "
"1","
"
"1",""
"1","    E168.H3 "
"1"," E169.H1"
"1"," E169.H2"
"1","    E169.H3 "
"1"," E170.H1"
"1"," E170.H2"
"1","    E170.H3 "
"1"," E171.H1"
"1","
"
"1"," 1      :2  "
"1"," 1:8    "
"1"," 1:4    "
"1"," 1      :2  "
"1"," 1:8    "
"1"," 1:4    "
"1"," 1      :2  "
"1"," 1:8    "
"1","
"
"1"," 2      :2  "
"1"," 2:8    "
"1"," 2:4    "
"1"," 2      :2  "
"1"," 2:8    "
"1"," 2:4    "
"1"," 2      :2  "
"1"," 2:8    "
"1","
"
"1",""
"1","    E171.H2 "
"1"," E172.H1"
"1","    E172.H2 "
"1"," E173.H1"
"1"," E173.H2"
"1"," E174.H1"
"1"," E175.H1"
"1"," E175.H2"
"1"," E175.H3"
"1","
"
"1"," 1      :2  "
"1"," 1:8    "
"1"," 1      :2  "
"1"," 1:8    "
"1"," 1:4    "
"1"," 1:8    "
"1"," 1:8    "
"1"," 1:4    "
"1"," 1:2    "
"1","
"
"1"," 2      :2  "
"1"," 2:8    "
"1"," 2      :2  "
"1"," 2:8    "
"1"," 2:4    "
"1"," 2:8    "
"1"," 2:8    "
"1"," 2:4    "
"1"," 2:2    "
"1","
"
"1",""
"1"," E176.H1"
"1"," E177.H1"
"1"," E177.H2"
"1","    E177.H3 "
"1"," E178.H1"
"1"," E179.H1"
"1"," E180.H1"
"1"," E180.H2"
"1"," E180.H3"
"1"," E181.H1"
"1","
"
"1"," 1:8    "
"1"," 1:8    "
"1"," 1:4    "
"1"," 1      :2  "
"1"," 1:8    "
"1"," 1:8    "
"1"," 1:8    "
"1"," 1:4    "
"1"," 1:4    "
"1"," 1:8    "
"1","
"
"1"," 2:8    "
"1"," 2:8    "
"1"," 2:4    "
"1"," 2      :2  "
"1"," 2:8    "
"1"," 2:8    "
"1"," 2:8    "
"1"," 2:4    "
"1"," 2:2    "
"1"," 2:8    "
"1","
"
"1",""
"1"," E182.H1"
"1"," E182.H2"
"1"," E183.H1"
"1","    E183.H2 "
"1"," E184.H1"
"1"," E184.H2"
"1"," E184.H3"
"1"," E185.H1"
"1"," E185.H2"
"1"," E186.H1"
"1","
"
"1"," 1:8    "
"1"," 1:4    "
"1"," 1:8    "
"1"," 1      :2  "
"1"," 1:8    "
"1"," 1:4    "
"1"," 1:2    "
"1"," 1:8    "
"1"," 1:4    "
"1"," 1:8    "
"1","
"
"1"," 2:8    "
"1"," 2:4    "
"1"," 2:8    "
"1"," 2      :2  "
"1"," 2:8    "
"1"," 2:4    "
"1"," 2:4    "
"1"," 2:8    "
"1"," 2:4    "
"1"," 2:8    "
"1","
"
"1",""
"1"," E186.H2"
"1"," E186.H3"
"1"," E187.H1"
"1"," E187.H2"
"1"," E188.H1"
"1"," E189.H1"
"1"," E190.H1"
"1"," E190.H2"
"1","    E190.H3 "
"1"," E191.H1"
"1","
"
"1"," 1:4    "
"1"," 1:2    "
"1"," 1:8    "
"1"," 1:4    "
"1"," 1:8    "
"1"," 1:8    "
"1"," 1:8    "
"1"," 1:4    "
"1"," 1      :2  "
"1"," 1:8    "
"1","
"
"1"," 2:8    "
"1"," 2:2    "
"1"," 2:8    "
"1"," 2:2    "
"1"," 2:8    "
"1"," 2:8    "
"1"," 2:8    "
"1"," 2:4    "
"1"," 2      :2  "
"1"," 2:8    "
"1","
"
"1",""
"1"," E191.H2"
"1"," E192.H1"
"1"," E192.H2"
"1"," E192.H3"
"1"," E193.H1"
"1"," E193.H2"
"1"," E194.H1"
"1"," E194.H2"
"1","    E194.H3 "
"1"," E195.H1"
"1","
"
"1"," 1:4    "
"1"," 1:8    "
"1"," 1:4    "
"1"," 1:8    "
"1"," 1:8    "
"1"," 1:4    "
"1"," 1:8    "
"1"," 1:8    "
"1"," 1      :2  "
"1"," 1:8    "
"1","
"
"1"," 2:4    "
"1"," 2:8    "
"1"," 2:4    "
"1"," 2:2    "
"1"," 2:8    "
"1"," 2:4    "
"1"," 2:8    "
"1"," 2:4    "
"1"," 2      :2  "
"1"," 2:8    "
"1","
"
"1",""
"1"," E195.H2"
"1","    E195.H3 "
"1"," E196.H1"
"1"," E196.H2"
"1","    E196.H3 "
"1"," E197.H1"
"1"," E197.H2"
"1","    E197.H3 "
"1"," E198.H1"
"1","
"
"1"," 1:4    "
"1"," 1      :2  "
"1"," 1:8    "
"1"," 1:4    "
"1"," 1      :2  "
"1"," 1:8    "
"1"," 1:4    "
"1"," 1      :2  "
"1"," 1:8    "
"1","
"
"1"," 2:4    "
"1"," 2      :2  "
"1"," 2:8    "
"1"," 2:4    "
"1"," 2      :2  "
"1"," 2:8    "
"1"," 2:4    "
"1"," 2      :2  "
"1"," 2:8    "
"1","
"
"1",""
"1"," E198.H2"
"1","    E198.H3 "
"1"," E199.H1"
"1"," E199.H2"
"1","    E199.H3 "
"1"," E200.H1"
"1"," E200.H2"
"1","    E200.H3 "
"1"," E201.H1"
"1","
"
"1"," 1:4    "
"1"," 1      :2  "
"1"," 1:8    "
"1"," 1:4    "
"1"," 1      :2  "
"1"," 1:8    "
"1"," 1:4    "
"1"," 1      :2  "
"1"," 1:8    "
"1","
"
"1"," 2:4    "
"1"," 2      :2  "
"1"," 2:8    "
"1"," 2:4    "
"1"," 2      :2  "
"1"," 2:8    "
"1"," 2:4    "
"1"," 2      :2  "
"1"," 2:8    "
"1","
"
"1",""
"1"," E201.H2"
"1","    E201.H3 "
"1"," E202.H1"
"1"," E202.H2"
"1","    E202.H3 "
"1"," E203.H1"
"1"," E203.H2"
"1","    E203.H3 "
"1"," E204.H1"
"1","
"
"1"," 1:4    "
"1"," 1      :2  "
"1"," 1:8    "
"1"," 1:8    "
"1"," 1      :2  "
"1"," 1:8    "
"1"," 1:4    "
"1"," 1      :2  "
"1"," 1:8    "
"1","
"
"1"," 2:4    "
"1"," 2      :2  "
"1"," 2:8    "
"1"," 2:4    "
"1"," 2      :2  "
"1"," 2:8    "
"1"," 2:4    "
"1"," 2      :2  "
"1"," 2:8    "
"1","
"
"1",""
"1"," E204.H2"
"1","    E204.H3 "
"1"," E205.H1"
"1"," E205.H2"
"1","    E205.H3 "
"1"," E206.H1"
"1"," E206.H2"
"1","    E206.H3 "
"1"," E207.H1"
"1","
"
"1"," 1:4    "
"1"," 1      :2  "
"1"," 1:8    "
"1"," 1:4    "
"1"," 1      :2  "
"1"," 1:8    "
"1"," 1:4    "
"1"," 1      :2  "
"1"," 1:8    "
"1","
"
"1"," 2:4    "
"1"," 2      :2  "
"1"," 2:8    "
"1"," 2:4    "
"1"," 2      :2  "
"1"," 2:8    "
"1"," 2:4    "
"1"," 2      :2  "
"1"," 2:8    "
"1","
"
"1",""
"1"," E207.H2"
"1","    E207.H3 "
"1"," E208.H1"
"1"," E209.H1"
"1","    E209.H2 "
"1"," E210.H1"
"1"," E210.H2"
"1","    E210.H3 "
"1"," E211.H1"
"1","
"
"1"," 1:4    "
"1"," 1      :2  "
"1"," 1:8    "
"1"," 1:8    "
"1"," 1      :2  "
"1"," 1:8    "
"1"," 1:4    "
"1"," 1      :2  "
"1"," 1:8    "
"1","
"
"1"," 2:4    "
"1"," 2      :2  "
"1"," 2:8    "
"1"," 2:8    "
"1"," 2      :2  "
"1"," 2:8    "
"1"," 2:4    "
"1"," 2      :2  "
"1"," 2:8    "
"1","
"
"1",""
"1"," E211.H2"
"1","    E211.H3 "
"1"," E212.H1"
"1","    E212.H2 "
"1"," E213.H1"
"1","    E213.H2 "
"1"," E214.H1"
"1"," E214.H2"
"1","
"
"1"," 1:4    "
"1"," 1      :2  "
"1"," 1:8    "
"1"," 1      :2  "
"1"," 1:8    "
"1"," 1      :2  "
"1"," 1:8    "
"1"," 1:4    "
"1","
"
"1"," 2:4    "
"1"," 2      :2  "
"1"," 2:8    "
"1"," 2      :2  "
"1"," 2:8    "
"1"," 2      :2  "
"1"," 2:8    "
"1"," 2:4    "
"1","
"
"1",""
"1","    E214.H3 "
"1"," E215.H1"
"1"," E215.H2"
"1","    E215.H3 "
"1"," E216.H1"
"1"," E216.H2"
"1"," E217.H1"
"1","    E217.H2 "
"1"," E218.H1"
"1","
"
"1"," 1      :2  "
"1"," 1:8    "
"1"," 1:4    "
"1"," 1      :2  "
"1"," 1:8    "
"1"," 1:4    "
"1"," 1:8    "
"1"," 1      :2  "
"1"," 1:8    "
"1","
"
"1"," 2      :2  "
"1"," 2:8    "
"1"," 2:4    "
"1"," 2      :2  "
"1"," 2:8    "
"1"," 2:4    "
"1"," 2:8    "
"1"," 2      :2  "
"1"," 2:8    "
"1","
"
"1",""
"1"," E218.H2"
"1","    E218.H3 "
"1"," E219.H1"
"1"," E219.H2"
"1","    E219.H3 "
"1"," E220.H1"
"1"," E220.H2"
"1","    E220.H3 "
"1"," E221.H1"
"1","
"
"1"," 1:4    "
"1"," 1      :2  "
"1"," 1:8    "
"1"," 1:4    "
"1"," 1      :2  "
"1"," 1:8    "
"1"," 1:4    "
"1"," 1      :2  "
"1"," 1:8    "
"1","
"
"1"," 2:4    "
"1"," 2      :2  "
"1"," 2:8    "
"1"," 2:4    "
"1"," 2      :2  "
"1"," 2:8    "
"1"," 2:4    "
"1"," 2      :2  "
"1"," 2:8    "
"1","
"
"1",""
"1"," E221.H2"
"1"," E222.H1"
"1"," E222.H2"
"1","    E222.H3 "
"1"," E223.H1"
"1"," E223.H2"
"1","    E223.H3 "
"1"," E224.H1"
"1"," E224.H2"
"1","
"
"1"," 1:2    "
"1"," 1:8    "
"1"," 1:4    "
"1"," 1      :2  "
"1"," 1:8    "
"1"," 1:4    "
"1"," 1      :2  "
"1"," 1:8    "
"1"," 1:4    "
"1","
"
"1"," 2:2    "
"1"," 2:8    "
"1"," 2:4    "
"1"," 2      :2  "
"1"," 2:8    "
"1"," 2:4    "
"1"," 2      :2  "
"1"," 2:8    "
"1"," 2:4    "
"1","
"
"1",""
"1","    E224.H3 "
"1"," E225.H1"
"1","    E225.H2 "
"1"," E226.H1"
"1"," E227.H1"
"1"," E228.H1"
"1"," E228.H2"
"1"," E229.H1"
"1"," E230.H1"
"1","
"
"1"," 1      :2  "
"1"," 1:8    "
"1"," 1      :2  "
"1"," 1:7    "
"1"," 1:8    "
"1"," 1:8    "
"1"," 1:4    "
"1"," 1:8    "
"1"," 1:8    "
"1","
"
"1"," 2      :2  "
"1"," 2:8    "
"1"," 2      :2  "
"1"," 2:9    "
"1"," 2:8    "
"1"," 2:8    "
"1"," 2:4    "
"1"," 2:8    "
"1"," 2:8    "
"1","
"
"1",""
"1"," E230.H2"
"1"," E231.H1"
"1"," E231.H2"
"1"," E232.H1"
"1"," E232.H2"
"1"," E233.H1"
"1","    E233.H2 "
"1"," E234.H1"
"1"," E235.H1"
"1","
"
"1"," 1:2    "
"1"," 1:8    "
"1"," 1:4    "
"1"," 1:8    "
"1"," 1:4    "
"1"," 1: 6   "
"1"," 1      :2  "
"1"," 1:8    "
"1"," 1:8    "
"1","
"
"1"," 2:2    "
"1"," 2:8    "
"1"," 2:4    "
"1"," 2:8    "
"1"," 2:4    "
"1"," 2:10   "
"1"," 2      :2  "
"1"," 2:8    "
"1"," 2:8    "
"1","
"
"1",""
"1","    E235.H2 "
"1"," E236.H1"
"1","    E236.H2 "
"1"," E237.H1"
"1"," E237.H2"
"1"," E238.H1"
"1"," E238.H2"
"1"," E239.H1"
"1"," E239.H2"
"1","
"
"1"," 1      :2  "
"1"," 1:8    "
"1"," 1      :2  "
"1"," 1:8    "
"1"," 1:4    "
"1"," 1:8    "
"1"," 1:4    "
"1"," 1:8    "
"1"," 1:4    "
"1","
"
"1"," 2      :2  "
"1"," 2:8    "
"1"," 2      :2  "
"1"," 2:8    "
"1"," 2:4    "
"1"," 2:8    "
"1"," 2:4    "
"1"," 2:8    "
"1"," 2:4    "
"1","
"
"1",""
"1"," E240.H1"
"1"," E241.H1"
"1","    E241.H2 "
"1"," E242.H1"
"1"," E243.H1"
"1"," E243.H2"
"1","    E243.H3 "
"1"," E244.H1"
"1","    E244.H2 "
"1","
"
"1"," 1:8    "
"1"," 1:8    "
"1"," 1      :2  "
"1"," 1:8    "
"1"," 1:8    "
"1"," 1:4    "
"1"," 1      :2  "
"1"," 1:8    "
"1"," 1      :2  "
"1","
"
"1"," 2:8    "
"1"," 2:8    "
"1"," 2      :2  "
"1"," 2:8    "
"1"," 2:8    "
"1"," 2:4    "
"1"," 2      :2  "
"1"," 2:8    "
"1"," 2      :2  "
"1","
"
"1",""
"1"," E245.H1"
"1"," E245.H2"
"1"," E246.H1"
"1","    E246.H2 "
"1"," E247.H1"
"1"," E247.H2"
"1","    E247.H3 "
"1"," E248.H1"
"1"," E248.H2"
"1","
"
"1"," 1:8    "
"1"," 1:4    "
"1"," 1:8    "
"1"," 1      :2  "
"1"," 1:8    "
"1"," 1:4    "
"1"," 1      :2  "
"1"," 1:8    "
"1"," 1:4    "
"1","
"
"1"," 2:8    "
"1"," 2:4    "
"1"," 2:8    "
"1"," 2      :2  "
"1"," 2:8    "
"1"," 2:4    "
"1"," 2      :2  "
"1"," 2:8    "
"1"," 2:4    "
"1","
"
"1",""
"1","    E248.H3 "
"1"," E249.H1"
"1"," E249.H2"
"1","    E249.H3 "
"1"," E251.H1"
"1"," E251.H2"
"1","    E251.H3 "
"1"," E252.H1"
"1"," E252.H2"
"1","
"
"1"," 1      :2  "
"1"," 1:8    "
"1"," 1:4    "
"1"," 1      :2  "
"1"," 1:8    "
"1"," 1:4    "
"1"," 1      :2  "
"1"," 1:8    "
"1"," 1:4    "
"1","
"
"1"," 2      :2  "
"1"," 2:8    "
"1"," 2:4    "
"1"," 2      :2  "
"1"," 2:8    "
"1"," 2:4    "
"1"," 2      :2  "
"1"," 2:8    "
"1"," 2:4    "
"1","
"
"1",""
"1","    E252.H3 "
"1"," E253.H1"
"1"," E253.H2"
"1","    E253.H3 "
"1"," E254.H1"
"1"," E254.H2"
"1","    E254.H3 "
"1"," E255.H1"
"1"," E255.H2"
"1","
"
"1"," 1      :2  "
"1"," 1:8    "
"1"," 1:2    "
"1"," 1      :2  "
"1"," 1:8    "
"1"," 1:4    "
"1"," 1      :2  "
"1"," 1: 6   "
"1"," 1:2    "
"1","
"
"1"," 2      :2  "
"1"," 2:8    "
"1"," 2:2    "
"1"," 2      :2  "
"1"," 2:8    "
"1"," 2:4    "
"1"," 2      :2  "
"1"," 2:10   "
"1"," 2:2    "
"1","
"
"1",""
"1","    E255.H3 "
"1"," E80.H1"
"1","     E80.H2 "
"1"," E82.H1"
"1"," E82.H2"
"1","     E82.H3 "
"1"," E83.H1"
"1"," E83.H2"
"1"," E83.H3"
"1"," E84.H1"
"1","
"
"1"," 1      :2  "
"1"," 1:8   "
"1"," 1      :2  "
"1"," 1:8   "
"1"," 1:4   "
"1"," 1      :2  "
"1"," 1:8   "
"1"," 1:4   "
"1"," 1:4   "
"1"," 1:8   "
"1","
"
"1"," 2      :2  "
"1"," 2:8   "
"1"," 2      :2  "
"1"," 2:8   "
"1"," 2:4   "
"1"," 2      :2  "
"1"," 2:8   "
"1"," 2:4   "
"1"," 2:4   "
"1"," 2:8   "
"1","
"
"1",""
"1","     E84.H2 "
"1"," E85.H1"
"1"," E85.H2"
"1"," E86.H1"
"1"," E86.H2"
"1"," E86.H3"
"1","     E86.H4 "
"1"," E88.H1"
"1","     E88.H2 "
"1"," E89.H1"
"1","
"
"1"," 1      :2  "
"1"," 1:8   "
"1"," 1:4   "
"1"," 1:8   "
"1"," 1:8   "
"1"," 1:4   "
"1"," 1      :2  "
"1"," 1:8   "
"1"," 1      :2  "
"1"," 1:8   "
"1","
"
"1"," 2      :2  "
"1"," 2:8   "
"1"," 2:4   "
"1"," 2:8   "
"1"," 2:8   "
"1"," 2:4   "
"1"," 2      :2  "
"1"," 2:8   "
"1"," 2      :2  "
"1"," 2:8   "
"1","
"
"1",""
"1"," E89.H2"
"1","     E89.H3 "
"1"," E90.H1"
"1","     E90.H2 "
"1"," E91.H1"
"1"," E91.H2"
"1","     E91.H3 "
"1"," E92.H1"
"1"," E92.H2"
"1","
"
"1"," 1:4   "
"1"," 1      :2  "
"1"," 1: 2  "
"1"," 1      :2  "
"1"," 1:8   "
"1"," 1:4   "
"1"," 1      :2  "
"1"," 1:8   "
"1"," 1:4   "
"1","
"
"1"," 2:4   "
"1"," 2      :2  "
"1"," 2:14  "
"1"," 2      :2  "
"1"," 2:8   "
"1"," 2:4   "
"1"," 2      :2  "
"1"," 2:8   "
"1"," 2:4   "
"1","
"
"1",""
"1","     E92.H3 "
"1"," E93.H1"
"1"," E93.H2"
"1","     E93.H3 "
"1"," E94.H1"
"1"," E94.H2"
"1","     E94.H3 "
"1"," E95.H1"
"1"," E95.H2"
"1"," E96.H1"
"1","
"
"1"," 1      :2  "
"1"," 1:8   "
"1"," 1:4   "
"1"," 1      :2  "
"1"," 1:8   "
"1"," 1:4   "
"1"," 1      :2  "
"1"," 1:8   "
"1"," 1:8   "
"1"," 1:7   "
"1","
"
"1"," 2      :2  "
"1"," 2:8   "
"1"," 2:4   "
"1"," 2      :2  "
"1"," 2:8   "
"1"," 2:8   "
"1"," 2      :2  "
"1"," 2:8   "
"1"," 2:4   "
"1"," 2:9   "
"1","
"
"1",""
"1"," E96.H2"
"1"," E96.H3"
"1"," E97.H1"
"1"," E98.H1"
"1"," E98.H2"
"1"," E98.H3"
"1"," E99.H1"
"1","     E99.H2 "
"1","
"
"1"," 1:7   "
"1"," 1:7   "
"1"," 1:8   "
"1"," 1:8   "
"1"," 1:4   "
"1"," 1:2   "
"1"," 1:8   "
"1"," 1      :2  "
"1","
"
"1"," 2:3   "
"1"," 2:3   "
"1"," 2:8   "
"1"," 2:8   "
"1"," 2:4   "
"1"," 2:2   "
"1"," 2:8   "
"1"," 2      :2  "
"1","
"
"1"," [ getOption(""max.print"") est atteint -- 5 lignes omises ]
"
"0","v <- c()"
"0","for (i in 1: dim(trih)[2]) v <-append(v, nlevels(trih[,i]))"
"0","plot(v) ## On a pas de variables sans variabilitÃ©. "
